INSERT INTO `TestingCenter`(`TestCenterId`,`Name`,`AddressId`,`PhoneNumber`,`LicenseNumber`) VALUES (1,'TestingCenter01',11,'800-456-3487','CDC012');
INSERT INTO `TestingCenter`(`TestCenterId`,`Name`,`AddressId`,`PhoneNumber`,`LicenseNumber`) VALUES (2,'TestingCenter02',12,'800-567-7754','CDC345');
INSERT INTO `TestingCenter`(`TestCenterId`,`Name`,`AddressId`,`PhoneNumber`,`LicenseNumber`) VALUES (3,'TestingCenter03',13,'800-453-4566','CDC456');
INSERT INTO `TestingCenter`(`TestCenterId`,`Name`,`AddressId`,`PhoneNumber`,`LicenseNumber`) VALUES (4,'TestingCenter04',14,'800-462-4543','CDC567');
INSERT INTO `TestingCenter`(`TestCenterId`,`Name`,`AddressId`,`PhoneNumber`,`LicenseNumber`) VALUES (5,'TestingCenter05',15,'800-234-3453','CDC678');

INSERT INTO `Tester` (`TesterId`,`FirstName`,`LastName`,`PhoneNumber`,`Email`,`TestCenterId`) VALUES (1,"Adria","Fletcher","1-556-516-6695","arcu.Sed@non.ca",4),(2,"Yardley","Powell","1-304-474-3589","Mauris.blandit.enim@ullamcorperDuis.ca",3),(3,"Rowan","Brown","1-231-419-7912","ipsum@non.net",4),(4,"Hamilton","Beach","1-956-764-6358","molestie.Sed@massa.org",4),(5,"Cole","Reed","1-133-697-1182","non.lorem.vitae@sed.net",2),(6,"Chiquita","Rollins","1-440-446-4257","a@orciluctus.co.uk",3),(7,"Mari","Williams","1-925-800-3248","a.auctor@netusetmalesuada.org",3),(8,"Savannah","Hart","1-496-712-6157","rhoncus@lectus.net",5),(9,"Sonya","Sutton","1-507-178-5815","luctus.vulputate@musProin.org",1),(10,"Iris","Snow","1-115-257-8029","dolor@maurissagittis.net",4);
INSERT INTO `Tester` (`TesterId`,`FirstName`,`LastName`,`PhoneNumber`,`Email`,`TestCenterId`) VALUES (11,"Phillip","Palmer","1-991-879-5293","Morbi@mauris.net",1),(12,"Quinn","Ruiz","1-599-412-1282","litora@rutrumlorem.ca",4),(13,"Nigel","Graham","1-135-220-7008","Donec.fringilla@aliquetsem.ca",5),(14,"Asher","Stout","1-711-250-1061","sem.magna@atpretium.co.uk",1),(15,"Caleb","Nunez","1-396-935-2005","sit.amet.nulla@libero.com",3),(16,"Martin","Stewart","1-903-694-7106","egestas@diamdictum.ca",1),(17,"Hu","Key","1-797-182-1627","lorem.eu.metus@aliquetProin.org",3),(18,"Bruno","Bonner","1-592-214-3863","gravida@parturientmontes.ca",3),(19,"Debra","Blevins","1-422-217-2998","turpis@lacusNulla.net",4),(20,"Amethyst","Cote","1-100-632-3478","aliquet.lobortis@malesuadafamesac.edu",4);
INSERT INTO `Tester` (`TesterId`,`FirstName`,`LastName`,`PhoneNumber`,`Email`,`TestCenterId`) VALUES (21,"Eric","Witt","1-975-338-5693","porttitor@mollis.net",1),(22,"Yoshio","Vaughan","1-175-596-0016","quam.a@viverraDonec.edu",2),(23,"Lev","Sears","1-212-892-4526","tempor.lorem@bibendumsed.co.uk",3),(24,"Morgan","Rose","1-530-670-0027","eu.enim@eliterat.com",1),(25,"Teegan","Stout","1-692-756-3529","Nulla.facilisi@lorem.ca",4),(26,"Maris","Stevenson","1-925-811-8615","et@odio.net",4),(27,"Richard","Hickman","1-692-947-6126","porttitor.scelerisque@ante.ca",5),(28,"Micah","Preston","1-315-917-7940","mi.lacinia@Nullasempertellus.ca",5),(29,"Hasad","Perez","1-644-973-6185","Quisque@ataugueid.com",5),(30,"Brielle","Cardenas","1-446-949-5032","vitae.erat@loremut.edu",3);
INSERT INTO `Tester` (`TesterId`,`FirstName`,`LastName`,`PhoneNumber`,`Email`,`TestCenterId`) VALUES (31,"Jemima","Giles","1-535-142-7618","luctus.felis@sedorcilobortis.edu",2),(32,"Ahmed","Todd","1-261-611-5981","aliquet@acmattis.co.uk",5),(33,"Jescie","Ferguson","1-733-652-7935","parturient@Morbiquis.net",3),(34,"Renee","Odom","1-477-936-7478","odio.auctor@nuncinterdum.edu",4),(35,"Zelenia","Donaldson","1-903-223-7015","elit.Etiam@ametorciUt.org",3),(36,"Aspen","Forbes","1-507-853-1711","Proin.ultrices@arcuSedet.ca",2),(37,"Dante","Campbell","1-573-841-7617","montes@leo.co.uk",5),(38,"Talon","Edwards","1-981-839-0332","Mauris@etmagnisdis.ca",5),(39,"Myles","Collier","1-259-448-6752","consectetuer@necurnaet.com",1),(40,"Jason","Ward","1-348-357-1053","viverra@nonegestasa.ca",1);
INSERT INTO `Tester` (`TesterId`,`FirstName`,`LastName`,`PhoneNumber`,`Email`,`TestCenterId`) VALUES (41,"Darryl","Hinton","1-952-787-2262","sit@nequesedsem.net",5),(42,"Adrienne","Miles","1-423-579-5625","Nam@enim.ca",4),(43,"Arthur","Bass","1-733-418-8399","eu.odio.tristique@blandit.ca",2),(44,"Paula","Medina","1-418-866-8479","nascetur.ridiculus@elitdictumeu.edu",1),(45,"Hiram","Jones","1-670-374-1510","Proin.vel.arcu@sociisnatoquepenatibus.ca",3),(46,"Knox","Cervantes","1-169-626-8490","Duis.dignissim.tempor@necligula.co.uk",1),(47,"Morgan","Vargas","1-562-633-8814","neque.sed@vellectus.ca",3),(48,"Nerea","Parrish","1-762-258-4994","diam.Pellentesque.habitant@tempor.edu",3),(49,"Dean","Drake","1-916-785-4939","pharetra.nibh@mattis.co.uk",1),(50,"Haviva","Reilly","1-898-195-3105","dignissim@Aliquamerat.com",5);

INSERT INTO `TestType` (`TestTypeId`,`Name`) VALUES (1,'Molecular Test');
INSERT INTO `TestType` (`TestTypeId`,`Name`) VALUES (2,'Antigen Test');
INSERT INTO `TestType` (`TestTypeId`,`Name`) VALUES (3,'Antibody Test');